{
  "converged": true,
  "iterations": 1,
  "loss_before": 2.958228394578794e-32,
  "loss_after": 2.958228394578794e-32,
  "cpi_error_percent": 1.8503717077085944e-14,
  "corrections": {
    "cor.mac": 0.15,
    "cor.alu": 0.15,
    "cor.load": 0.15,
    "cor.store": 0.15,
    "cor.branch": 0.15,
    "cor.special": 0.15
  },
  "free_parameters": [
    "cor.alu",
    "cor.branch",
    "cor.load",
    "cor.mac",
    "cor.special",
    "cor.store"
  ],
  "residuals_before": {
    "typical": 2.220446049250313e-16,
    "compute": 2.220446049250313e-16,
    "memory": 2.220446049250313e-16,
    "control": 0.0,
    "mixed": 0.0
  },
  "residuals_after": {
    "typical": 2.220446049250313e-16,
    "compute": 2.220446049250313e-16,
    "memory": 2.220446049250313e-16,
    "control": 0.0,
    "mixed": 0.0
  }
}
