{
  "converged": true,
  "iterations": 3,
  "loss_before": 1.1073117287654348e-09,
  "loss_after": 2.7352493432451244e-10,
  "cpi_error_percent": 0.0019590272933342843,
  "corrections": {
    "cor.alu": -0.3206760877809217,
    "cor.branch": -0.07930024587197758,
    "cor.load": 2.486080669118593,
    "cor.store": -4.169599717995246
  },
  "free_parameters": [
    "cache.l1_hit_rate",
    "cor.alu",
    "cor.branch",
    "cor.load",
    "cor.store"
  ],
  "residuals_before": {
    "typical": 2.6784544542080013e-05,
    "compute": 3.1995065819190316e-05,
    "memory": 2.557385532031553e-05,
    "control": 4.5033497015900537e-05,
    "mixed": -3.3368018390378396e-05
  },
  "residuals_after": {
    "typical": 2.742050502479998e-05,
    "compute": -2.743599421428655e-06,
    "memory": 1.5662289580831157e-06,
    "control": -1.8017606540077225e-06,
    "mixed": -2.4546156998983548e-05
  },
  "cache_parameters": {
    "cache.l1_hit_rate": 0.9275433670418164,
    "cache.l1_latency": 1.0,
    "cache.dram_latency": 8.0
  }
}
