{
  "converged": true,
  "iterations": 23,
  "loss_before": 1.6703461580678624e-09,
  "loss_after": 0.0,
  "cpi_error_percent": 0.0,
  "corrections": {
    "cor.alu": -0.39118884758364264,
    "cor.control": 0.23851895910780624,
    "cor.memory": 0.26168810408921905,
    "cor.microcode": 0.04633828996282522,
    "cor.stack_ops": 0.3080263940520442
  },
  "free_parameters": [
    "cache.l1_hit_rate",
    "cor.alu",
    "cor.control",
    "cor.memory",
    "cor.microcode",
    "cor.stack_ops"
  ],
  "residuals_before": {
    "typical": 4.714290327045845e-05,
    "compute": 3.744949394590691e-06,
    "memory": 4.714290327045845e-05,
    "control": 4.714290327045845e-05
  },
  "residuals_after": {
    "typical": -9.64250901347441e-12,
    "compute": 2.6266100405791803e-11,
    "memory": -9.64250901347441e-12,
    "control": -9.64250901347441e-12
  },
  "cache_parameters": {
    "cache.l1_hit_rate": 0.9174100025895413,
    "cache.l1_latency": 1.0,
    "cache.dram_latency": 8.0
  }
}
