{
  "converged": true,
  "iterations": 23,
  "loss_before": 1.6703461580678624e-09,
  "loss_after": 2.422104926879855e-22,
  "cpi_error_percent": 3.7043830247692694e-10,
  "corrections": {
    "cor.alu": -0.29175689743147765,
    "cor.control": 0.38537565171720767,
    "cor.memory": 0.2765582379752954,
    "cor.microcode": -0.8620439800556042,
    "cor.stack_ops": 0.4446654354216825
  },
  "free_parameters": [
    "cache.l1_hit_rate",
    "cor.alu",
    "cor.control",
    "cor.memory",
    "cor.microcode",
    "cor.stack_ops"
  ],
  "residuals_before": {
    "typical": 4.714290327045845e-05,
    "compute": 3.744949394590691e-06,
    "memory": 4.714290327045845e-05,
    "control": 4.714290327045845e-05
  },
  "residuals_after": {
    "typical": -9.64250901347441e-12,
    "compute": 2.6266100405791803e-11,
    "memory": -9.64250901347441e-12,
    "control": -9.64250901347441e-12
  },
  "cache_parameters": {
    "cache.l1_hit_rate": 0.9174100025895413,
    "cache.l1_latency": 1.0,
    "cache.dram_latency": 8.0
  }
}
