{
  "converged": true,
  "iterations": 1,
  "loss_before": 2.761013168273541e-31,
  "loss_after": 2.761013168273541e-31,
  "cpi_error_percent": 1.2688263138573217e-14,
  "corrections": {
    "cor.draw": 0.65,
    "cor.pixel": 0.65,
    "cor.register": 0.65,
    "cor.memory": 0.65,
    "cor.branch": 0.65,
    "cor.blit": 0.65
  },
  "free_parameters": [
    "cor.blit",
    "cor.branch",
    "cor.draw",
    "cor.memory",
    "cor.pixel",
    "cor.register"
  ],
  "residuals_before": {
    "typical": 4.440892098500626e-16,
    "compute": 0.0,
    "memory": 4.440892098500626e-16,
    "control": 8.881784197001252e-16,
    "mixed": 4.440892098500626e-16
  },
  "residuals_after": {
    "typical": 4.440892098500626e-16,
    "compute": 0.0,
    "memory": 4.440892098500626e-16,
    "control": 8.881784197001252e-16,
    "mixed": 4.440892098500626e-16
  }
}
