{
  "processor": "MOS 6502",
  "improved_config": {
    "family": "MOS_WDC",
    "category": "SIMPLE_8BIT",
    "year": 1975,
    "bits": 8,
    "clock_mhz": 1.0,
    "transistors": 3510,
    "process_um": 8,
    "description": "$25 CPU that enabled home computers",
    "base_cpi": 3.21577538564549,
    "has_prefetch": false,
    "has_cache": false,
    "pipeline_stages": 1,
    "branch_penalty": 0,
    "timings": {
      "alu": 3.0,
      "mov": 3.2,
      "branch": 2.8,
      "memory": 3.5
    },
    "ipc_typical": 0.3109669924285691,
    "mips_1mhz": 0.3109669924285691,
    "page_cross_penalty": 1,
    "branch_not_taken": 2,
    "branch_taken_same_page": 3,
    "branch_taken_page_cross": 4,
    "validation": {
      "source": "MCS6500 datasheet, VICE emulator, Visual 6502",
      "expected_ipc_range": [
        0.31,
        0.43
      ],
      "expected_mips_1mhz": [
        0.31,
        0.43
      ],
      "sieve_benchmark_asm_sec": 7.4
    }
  },
  "workload_results": {
    "typical": {
      "cpi": 3.21577538564549,
      "ipc": 0.3109669924285691,
      "mips": 0.3109669924285691,
      "cpi_base": 3.21327538564549,
      "cpi_page_cross": 0.0025000000000000005,
      "cpi_branch": 0,
      "cpi_video_steal": 0.0,
      "cycles_by_category": {
        "alu": 3.5000000000000018,
        "load": 3.4137931034482767,
        "store": 3.8615384615384607,
        "branch": 2.66,
        "transfer": 2.0,
        "register": 2.0,
        "rmw": 4.30097087378641,
        "jump": 5.6730769230769225,
        "stack": 3.5,
        "flag": 2.0
      },
      "bottleneck": "instruction_mix",
      "expected_ipc": [
        0.31,
        0.43
      ],
      "validation_status": "PASS"
    },
    "compute": {
      "cpi": 3.1865378402564972,
      "ipc": 0.3138202180958585,
      "mips": 0.3138202180958585,
      "cpi_base": 3.1855378402564973,
      "cpi_page_cross": 0.0010000000000000002,
      "cpi_branch": 0,
      "cpi_video_steal": 0.0,
      "cycles_by_category": {
        "alu": 3.5000000000000018,
        "load": 3.4137931034482767,
        "store": 3.8615384615384607,
        "branch": 2.5774999999999997,
        "transfer": 2.0,
        "register": 2.0,
        "rmw": 4.30097087378641,
        "jump": 5.6730769230769225,
        "stack": 3.5,
        "flag": 2.0
      },
      "bottleneck": "instruction_mix",
      "expected_ipc": [
        0.31,
        0.43
      ],
      "validation_status": "PASS"
    },
    "memory": {
      "cpi": 3.624947247817513,
      "ipc": 0.2758660834587522,
      "mips": 0.2758660834587522,
      "cpi_base": 3.611822247817513,
      "cpi_page_cross": 0.013125,
      "cpi_branch": 0,
      "cpi_video_steal": 0.0,
      "cycles_by_category": {
        "alu": 3.9583333333333304,
        "load": 3.774193548387098,
        "store": 4.162162162162163,
        "branch": 2.8049999999999997,
        "transfer": 2.0,
        "register": 2.0,
        "rmw": 4.5045871559633,
        "jump": 5.629629629629629,
        "stack": 3.5,
        "flag": 2.0
      },
      "bottleneck": "instruction_mix",
      "expected_ipc": [
        0.31,
        0.43
      ],
      "validation_status": "LOW (expected >= 0.31)"
    },
    "control": {
      "cpi": 3.325758807396153,
      "ipc": 0.3006832599453997,
      "mips": 0.3006832599453997,
      "cpi_base": 3.3237588073961533,
      "cpi_page_cross": 0.0020000000000000005,
      "cpi_branch": 0,
      "cpi_video_steal": 0.0,
      "cycles_by_category": {
        "alu": 3.5000000000000018,
        "load": 3.4137931034482767,
        "store": 3.8615384615384607,
        "branch": 2.715,
        "transfer": 2.0,
        "register": 2.0,
        "rmw": 4.30097087378641,
        "jump": 5.6730769230769225,
        "stack": 3.5,
        "flag": 2.0
      },
      "bottleneck": "branch_heavy",
      "expected_ipc": [
        0.31,
        0.43
      ],
      "validation_status": "LOW (expected >= 0.31)"
    },
    "game": {
      "cpi": 3.287327937772792,
      "ipc": 0.30419843074053426,
      "mips": 0.30419843074053426,
      "cpi_base": 3.284527937772792,
      "cpi_page_cross": 0.0028000000000000004,
      "cpi_branch": 0,
      "cpi_video_steal": 0.0,
      "cycles_by_category": {
        "alu": 3.5415019762845863,
        "load": 3.466666666666667,
        "store": 3.8309859154929575,
        "branch": 2.605,
        "transfer": 2.0,
        "register": 2.0,
        "rmw": 4.366972477064221,
        "jump": 5.6730769230769225,
        "stack": 3.5,
        "flag": 2.0
      },
      "bottleneck": "instruction_mix",
      "expected_ipc": [
        0.31,
        0.43
      ],
      "validation_status": "LOW (expected >= 0.31)"
    }
  },
  "validation_tests": {
    "LDA_imm": true,
    "LDA_zp": true,
    "LDA_abs": true,
    "LDA_absx": true,
    "LDA_indy": true,
    "STA_zp": true,
    "STA_abs": true,
    "STA_absx": true,
    "JSR": true,
    "RTS": true,
    "BRK": true,
    "NOP": true,
    "INX": true,
    "PHA": true,
    "PLA": true,
    "INC_zp": true,
    "INC_abs": true,
    "ASL_A": true,
    "ASL_zp": true
  },
  "systems": {
    "generic_1mhz": {
      "clock_mhz": 1.0,
      "video_steal": false
    },
    "apple_ii": {
      "clock_mhz": 1.023,
      "video_steal": false
    },
    "apple_ii_pal": {
      "clock_mhz": 1.018,
      "video_steal": false
    },
    "commodore_64": {
      "clock_mhz": 0.985,
      "video_steal": true
    },
    "atari_800": {
      "clock_mhz": 1.79,
      "video_steal": true
    },
    "nes": {
      "clock_mhz": 1.79,
      "video_steal": false
    },
    "bbc_micro": {
      "clock_mhz": 2.0,
      "video_steal": false
    }
  }
}