{
  "converged": true,
  "iterations": 122,
  "loss_before": 1.1301720265600129e-09,
  "loss_after": 0.0,
  "cpi_error_percent": 0.0,
  "corrections": {
    "cor.alu": -0.1775597627150525,
    "cor.branch": 0.0997410447743711,
    "cor.divide": -0.08978139579174092,
    "cor.fp_div": -0.10587876966463886,
    "cor.fp_ops": -0.10468330533863146,
    "cor.load": 0.30353633968770777,
    "cor.multiply": -0.48993575007297896,
    "cor.store": 0.684108031721705
  },
  "free_parameters": [
    "cache.l1_hit_rate",
    "cor.alu",
    "cor.branch",
    "cor.divide",
    "cor.fp_div",
    "cor.fp_ops",
    "cor.load",
    "cor.multiply",
    "cor.store"
  ],
  "residuals_before": {
    "typical": -4.880305913845806e-05,
    "compute": -7.502961281824483e-06,
    "memory": -2.6554966112035672e-05,
    "control": -1.1221511353132207e-05,
    "fp_heavy": -4.880305913845806e-05
  },
  "residuals_after": {
    "typical": -7.074570929077595e-10,
    "compute": 8.613674218338474e-10,
    "memory": 1.2950920336152194e-09,
    "control": -6.800709995147258e-10,
    "fp_heavy": -7.074570929077595e-10
  },
  "cache_parameters": {
    "cache.l1_hit_rate": 0.9884864873184357,
    "cache.l1_latency": 1.0,
    "cache.dram_latency": 8.0
  }
}
