{
  "converged": true,
  "iterations": 122,
  "loss_before": 1.1301720265600129e-09,
  "loss_after": 7.765409703844497e-19,
  "cpi_error_percent": 1.1000732279703927e-07,
  "corrections": {
    "cor.alu": -0.19885226875057707,
    "cor.branch": -0.1310992895950263,
    "cor.divide": -0.6183448841075486,
    "cor.fp_div": -0.7667547070225322,
    "cor.fp_ops": 4.999999992837859,
    "cor.load": 0.0848911714017065,
    "cor.multiply": -1.2227923910338567,
    "cor.store": 0.8937407590340349
  },
  "free_parameters": [
    "cache.l1_hit_rate",
    "cor.alu",
    "cor.branch",
    "cor.divide",
    "cor.fp_div",
    "cor.fp_ops",
    "cor.load",
    "cor.multiply",
    "cor.store"
  ],
  "residuals_before": {
    "typical": -4.880305913845806e-05,
    "compute": -7.502961281824483e-06,
    "memory": -2.6554966112035672e-05,
    "control": -1.1221511353132207e-05,
    "fp_heavy": -4.880305913845806e-05
  },
  "residuals_after": {
    "typical": -7.074570929077595e-10,
    "compute": 8.613674218338474e-10,
    "memory": 1.2950920336152194e-09,
    "control": -6.800709995147258e-10,
    "fp_heavy": -7.074570929077595e-10
  },
  "cache_parameters": {
    "cache.l1_hit_rate": 0.9884864873184357,
    "cache.l1_latency": 1.0,
    "cache.dram_latency": 8.0
  }
}
