{
  "converged": true,
  "iterations": 25,
  "loss_before": 2.05112500013531e-11,
  "loss_after": 1.4585190112063396e-25,
  "cpi_error_percent": 5.43295747533038e-12,
  "corrections": {
    "cor.alu": -0.627801199064871,
    "cor.control": -1.1388221224147317,
    "cor.disk": -0.4144905752895572,
    "cor.display": 0.9117056028985266,
    "cor.ethernet": 1.5137129223063768,
    "cor.memory": 2.5486428328336905
  },
  "free_parameters": [
    "cor.alu",
    "cor.control",
    "cor.disk",
    "cor.display",
    "cor.ethernet",
    "cor.memory"
  ],
  "residuals_before": {
    "typical": -6.400000000184036e-06,
    "compute": 2.500000002569891e-07,
    "memory": -6.400000000184036e-06,
    "control": 2.500000011451675e-07
  },
  "residuals_after": {
    "typical": -3.943512183468556e-13,
    "compute": 3.6770586575585185e-13,
    "memory": -3.943512183468556e-13,
    "control": 3.703704010149522e-13
  }
}
