{
  "converged": true,
  "iterations": 3,
  "loss_before": 1.1783089799933044e-09,
  "loss_after": 0.0,
  "cpi_error_percent": 0.0,
  "corrections": {
    "cor.alu": -5.003380952380967,
    "cor.control": 0.636333333333335,
    "cor.data_move": 3.6344285714285816,
    "cor.io": -0.07880952380952701,
    "cor.mac": 0.7121428571428603
  },
  "free_parameters": [
    "cor.alu",
    "cor.control",
    "cor.data_move",
    "cor.io",
    "cor.mac"
  ],
  "residuals_before": {
    "typical": 2.250000000536545e-06,
    "compute": -4.3599999999699435e-05,
    "control": 3.609999999998337e-05,
    "io_heavy": -4.5799999999651675e-05,
    "mixed": 2.418000000048437e-05
  },
  "residuals_after": {
    "typical": -1.0684286606998938e-05,
    "compute": -1.0393656741047863e-05,
    "control": -3.039047840047715e-06,
    "io_heavy": -1.760294971120402e-05,
    "mixed": 3.930068225921346e-05
  }
}
