{
  "converged": true,
  "iterations": 45,
  "loss_before": 9.855941424837528e-10,
  "loss_after": 2.4496308457669523e-20,
  "cpi_error_percent": 5.76599083206744e-09,
  "corrections": {
    "cor.alu": -0.4353077733927806,
    "cor.branch": -0.20325766655959338,
    "cor.divide": 4.999999989653222,
    "cor.fp_complex": -1.3682626499231871,
    "cor.fp_ops": -1.3171292307934475,
    "cor.load": 3.0329157072260244,
    "cor.multiply": -0.7814913910461547,
    "cor.store": -4.999999945061463
  },
  "free_parameters": [
    "cache.l1_hit_rate",
    "cache.l2_hit_rate",
    "cor.alu",
    "cor.branch",
    "cor.divide",
    "cor.fp_complex",
    "cor.fp_ops",
    "cor.load",
    "cor.multiply",
    "cor.store"
  ],
  "residuals_before": {
    "typical": -4.133353703850151e-05,
    "compute": 9.689322391093214e-06,
    "memory": 3.4793638009400496e-05,
    "control": 1.4372471251133945e-05,
    "fp_heavy": -4.133353703850151e-05
  },
  "residuals_after": {
    "typical": 5.3577586811570654e-11,
    "compute": -2.211605343305223e-10,
    "memory": 2.5609581122409963e-10,
    "control": -4.736433467655843e-11,
    "fp_heavy": 5.3577586811570654e-11
  },
  "cache_parameters": {
    "cache.l1_hit_rate": 0.9513970445197079,
    "cache.l1_latency": 1.0,
    "cache.dram_latency": 12.0,
    "cache.l2_hit_rate": 0.9137985293065426,
    "cache.l2_latency": 8.0
  }
}
