{
  "converged": true,
  "iterations": 45,
  "loss_before": 9.855941424837528e-10,
  "loss_after": 0.0,
  "cpi_error_percent": 0.0,
  "corrections": {
    "cor.alu": 0.12390529163084216,
    "cor.branch": -0.14966073467640933,
    "cor.divide": -0.3002715221898498,
    "cor.fp_complex": -0.6319422304979048,
    "cor.fp_ops": -1.0502570186502702,
    "cor.load": 0.3143579424235201,
    "cor.multiply": -2.0419304326041887,
    "cor.store": -0.596405287651308
  },
  "free_parameters": [
    "cache.l1_hit_rate",
    "cache.l2_hit_rate",
    "cor.alu",
    "cor.branch",
    "cor.divide",
    "cor.fp_complex",
    "cor.fp_ops",
    "cor.load",
    "cor.multiply",
    "cor.store"
  ],
  "residuals_before": {
    "typical": -4.133353703850151e-05,
    "compute": 9.689322391093214e-06,
    "memory": 3.4793638009400496e-05,
    "control": 1.4372471251133945e-05,
    "fp_heavy": -4.133353703850151e-05
  },
  "residuals_after": {
    "typical": 5.3577586811570654e-11,
    "compute": -2.211605343305223e-10,
    "memory": 2.5609581122409963e-10,
    "control": -4.736433467655843e-11,
    "fp_heavy": 5.3577586811570654e-11
  },
  "cache_parameters": {
    "cache.l1_hit_rate": 0.9513970445197079,
    "cache.l1_latency": 1.0,
    "cache.dram_latency": 12.0,
    "cache.l2_hit_rate": 0.9137985293065426,
    "cache.l2_latency": 8.0
  }
}
