{
  "converged": true,
  "iterations": 1,
  "loss_before": 1.1832913578315177e-31,
  "loss_after": 1.1832913578315177e-31,
  "cpi_error_percent": 0.0,
  "corrections": {
    "cor.oscillator": 0.7,
    "cor.envelope": 0.7,
    "cor.register": 0.7,
    "cor.memory": 0.7,
    "cor.control": 0.7,
    "cor.mixing": 0.7
  },
  "free_parameters": [
    "cor.control",
    "cor.envelope",
    "cor.memory",
    "cor.mixing",
    "cor.oscillator",
    "cor.register"
  ],
  "residuals_before": {
    "typical": 0.0,
    "compute": -4.440892098500626e-16,
    "memory": 4.440892098500626e-16,
    "control": 0.0,
    "mixed": -4.440892098500626e-16
  },
  "residuals_after": {
    "typical": 0.0,
    "compute": -4.440892098500626e-16,
    "memory": 4.440892098500626e-16,
    "control": 0.0,
    "mixed": -4.440892098500626e-16
  }
}
