{
  "converged": true,
  "iterations": 26,
  "loss_before": 1.6145106536429246e-09,
  "loss_after": 0.0,
  "cpi_error_percent": 0.0,
  "corrections": {
    "cor.alu": -0.19023420074349345,
    "cor.control": 0.13550185873605855,
    "cor.memory": 0.1509498141263931,
    "cor.microcode": 0.030895910780668914,
    "cor.stack_ops": 0.18184572490706197
  },
  "free_parameters": [
    "cache.l1_hit_rate",
    "cor.alu",
    "cor.control",
    "cor.memory",
    "cor.microcode",
    "cor.stack_ops"
  ],
  "residuals_before": {
    "typical": 4.611721978697858e-05,
    "compute": 8.811851787804414e-06,
    "memory": 4.611721978697858e-05,
    "control": 4.611721978697858e-05
  },
  "residuals_after": {
    "typical": 8.08242361927114e-14,
    "compute": -2.1183055309847987e-13,
    "memory": 8.08242361927114e-14,
    "control": 8.08242361927114e-14
  },
  "cache_parameters": {
    "cache.l1_hit_rate": 0.9130101240302431,
    "cache.l1_latency": 1.0,
    "cache.dram_latency": 8.0
  }
}
